site_name,population_id,county_fips,admit_year,age_band,sex_group,hospitalizations,deaths,mortality_pct
UCMC,cardiac_arrest_poa_icu,05041,2023,40-64,Female,<10,<10,
UCMC,cardiac_arrest_poa_icu,12035,2019,40-64,Female,<10,<10,
UCMC,cardiac_arrest_poa_icu,12086,2024,18-39,Male,<10,<10,
UCMC,cardiac_arrest_poa_icu,13097,2020,18-39,Female,<10,<10,
UCMC,cardiac_arrest_poa_icu,13121,2023,75+,Female,<10,<10,
UCMC,cardiac_arrest_poa_icu,13135,2020,18-39,Female,<10,<10,
UCMC,cardiac_arrest_poa_icu,17007,2024,40-64,Male,<10,<10,
UCMC,cardiac_arrest_poa_icu,17019,2019,40-64,Male,<10,<10,
UCMC,cardiac_arrest_poa_icu,17019,2024,40-64,Female,<10,<10,
UCMC,cardiac_arrest_poa_icu,17031,2018,18-39,Female,<10,<10,
UCMC,cardiac_arrest_poa_icu,17031,2018,18-39,Male,<10,<10,
UCMC,cardiac_arrest_poa_icu,17031,2018,40-64,Female,23,15,
UCMC,cardiac_arrest_poa_icu,17031,2018,40-64,Male,33,23,
UCMC,cardiac_arrest_poa_icu,17031,2018,65-74,Female,<10,<10,
UCMC,cardiac_arrest_poa_icu,17031,2018,65-74,Male,18,12,
UCMC,cardiac_arrest_poa_icu,17031,2018,75+,Female,19,14,
UCMC,cardiac_arrest_poa_icu,17031,2018,75+,Male,10,<10,
UCMC,cardiac_arrest_poa_icu,17031,2019,18-39,Female,<10,<10,
UCMC,cardiac_arrest_poa_icu,17031,2019,18-39,Male,12,<10,
UCMC,cardiac_arrest_poa_icu,17031,2019,40-64,Female,31,24,
UCMC,cardiac_arrest_poa_icu,17031,2019,40-64,Male,46,22,
UCMC,cardiac_arrest_poa_icu,17031,2019,65-74,Female,14,10,
UCMC,cardiac_arrest_poa_icu,17031,2019,65-74,Male,20,13,
UCMC,cardiac_arrest_poa_icu,17031,2019,75+,Female,13,10,
UCMC,cardiac_arrest_poa_icu,17031,2019,75+,Male,<10,<10,
UCMC,cardiac_arrest_poa_icu,17031,2020,18-39,Female,11,<10,
UCMC,cardiac_arrest_poa_icu,17031,2020,18-39,Male,21,16,
UCMC,cardiac_arrest_poa_icu,17031,2020,40-64,Female,28,16,
UCMC,cardiac_arrest_poa_icu,17031,2020,40-64,Male,61,43,
UCMC,cardiac_arrest_poa_icu,17031,2020,65-74,Female,15,13,
UCMC,cardiac_arrest_poa_icu,17031,2020,65-74,Male,19,13,
UCMC,cardiac_arrest_poa_icu,17031,2020,75+,Female,17,<10,
UCMC,cardiac_arrest_poa_icu,17031,2020,75+,Male,10,<10,
UCMC,cardiac_arrest_poa_icu,17031,2021,18-39,Female,<10,<10,
UCMC,cardiac_arrest_poa_icu,17031,2021,18-39,Male,20,14,
UCMC,cardiac_arrest_poa_icu,17031,2021,40-64,Female,49,30,
UCMC,cardiac_arrest_poa_icu,17031,2021,40-64,Male,71,44,
UCMC,cardiac_arrest_poa_icu,17031,2021,65-74,Female,19,14,
UCMC,cardiac_arrest_poa_icu,17031,2021,65-74,Male,29,17,
UCMC,cardiac_arrest_poa_icu,17031,2021,75+,Female,20,14,
UCMC,cardiac_arrest_poa_icu,17031,2021,75+,Male,<10,<10,
UCMC,cardiac_arrest_poa_icu,17031,2022,18-39,Female,12,<10,
UCMC,cardiac_arrest_poa_icu,17031,2022,18-39,Male,15,12,
UCMC,cardiac_arrest_poa_icu,17031,2022,40-64,Female,37,25,
UCMC,cardiac_arrest_poa_icu,17031,2022,40-64,Male,85,56,
UCMC,cardiac_arrest_poa_icu,17031,2022,65-74,Female,17,12,
UCMC,cardiac_arrest_poa_icu,17031,2022,65-74,Male,18,11,
UCMC,cardiac_arrest_poa_icu,17031,2022,75+,Female,21,16,
UCMC,cardiac_arrest_poa_icu,17031,2022,75+,Male,19,17,
UCMC,cardiac_arrest_poa_icu,17031,2023,18-39,Female,13,10,
UCMC,cardiac_arrest_poa_icu,17031,2023,18-39,Male,18,13,
UCMC,cardiac_arrest_poa_icu,17031,2023,40-64,Female,43,24,
UCMC,cardiac_arrest_poa_icu,17031,2023,40-64,Male,65,39,
UCMC,cardiac_arrest_poa_icu,17031,2023,65-74,Female,23,16,
UCMC,cardiac_arrest_poa_icu,17031,2023,65-74,Male,31,16,
UCMC,cardiac_arrest_poa_icu,17031,2023,75+,Female,19,12,
UCMC,cardiac_arrest_poa_icu,17031,2023,75+,Male,11,<10,
UCMC,cardiac_arrest_poa_icu,17031,2024,18-39,Female,<10,<10,
UCMC,cardiac_arrest_poa_icu,17031,2024,18-39,Male,15,<10,
UCMC,cardiac_arrest_poa_icu,17031,2024,40-64,Female,33,13,
UCMC,cardiac_arrest_poa_icu,17031,2024,40-64,Male,58,38,
UCMC,cardiac_arrest_poa_icu,17031,2024,65-74,Female,28,14,
UCMC,cardiac_arrest_poa_icu,17031,2024,65-74,Male,30,20,
UCMC,cardiac_arrest_poa_icu,17031,2024,75+,Female,13,<10,
UCMC,cardiac_arrest_poa_icu,17031,2024,75+,Male,17,10,
UCMC,cardiac_arrest_poa_icu,17043,2018,40-64,Male,<10,<10,
UCMC,cardiac_arrest_poa_icu,17043,2019,40-64,Female,<10,<10,
UCMC,cardiac_arrest_poa_icu,17043,2019,40-64,Male,<10,<10,
UCMC,cardiac_arrest_poa_icu,17043,2020,40-64,Male,<10,<10,
UCMC,cardiac_arrest_poa_icu,17043,2022,40-64,Male,<10,<10,
UCMC,cardiac_arrest_poa_icu,17043,2022,65-74,Female,<10,<10,
UCMC,cardiac_arrest_poa_icu,17043,2023,40-64,Male,<10,<10,
UCMC,cardiac_arrest_poa_icu,17043,2024,18-39,Male,<10,<10,
UCMC,cardiac_arrest_poa_icu,17043,2024,40-64,Male,<10,<10,
UCMC,cardiac_arrest_poa_icu,17043,2024,65-74,Male,<10,<10,
UCMC,cardiac_arrest_poa_icu,17075,2018,40-64,Male,<10,<10,
UCMC,cardiac_arrest_poa_icu,17077,2024,75+,Male,<10,<10,
UCMC,cardiac_arrest_poa_icu,17089,2019,40-64,Female,<10,<10,
UCMC,cardiac_arrest_poa_icu,17089,2024,40-64,Female,<10,<10,
UCMC,cardiac_arrest_poa_icu,17091,2018,75+,Male,<10,<10,
UCMC,cardiac_arrest_poa_icu,17091,2021,40-64,Male,<10,<10,
UCMC,cardiac_arrest_poa_icu,17091,2022,65-74,Male,<10,<10,
UCMC,cardiac_arrest_poa_icu,17091,2023,18-39,Male,<10,<10,
UCMC,cardiac_arrest_poa_icu,17091,2024,40-64,Male,<10,<10,
UCMC,cardiac_arrest_poa_icu,17097,2021,18-39,Male,<10,<10,
UCMC,cardiac_arrest_poa_icu,17097,2021,40-64,Male,<10,<10,
UCMC,cardiac_arrest_poa_icu,17097,2022,65-74,Male,<10,<10,
UCMC,cardiac_arrest_poa_icu,17097,2023,18-39,Male,<10,<10,
UCMC,cardiac_arrest_poa_icu,17097,2024,40-64,Male,<10,<10,
UCMC,cardiac_arrest_poa_icu,17097,2024,75+,Female,<10,<10,
UCMC,cardiac_arrest_poa_icu,17105,2023,18-39,Female,<10,<10,
UCMC,cardiac_arrest_poa_icu,17107,2020,40-64,Male,<10,<10,
UCMC,cardiac_arrest_poa_icu,17111,2018,40-64,Female,<10,<10,
UCMC,cardiac_arrest_poa_icu,17111,2022,65-74,Female,<10,<10,
UCMC,cardiac_arrest_poa_icu,17111,2024,40-64,Female,<10,<10,
UCMC,cardiac_arrest_poa_icu,17113,2021,40-64,Male,<10,<10,
UCMC,cardiac_arrest_poa_icu,17117,2021,40-64,Female,<10,<10,
UCMC,cardiac_arrest_poa_icu,17119,2022,18-39,Male,<10,<10,
UCMC,cardiac_arrest_poa_icu,17139,2024,18-39,Male,<10,<10,
UCMC,cardiac_arrest_poa_icu,17155,2022,40-64,Female,<10,<10,
UCMC,cardiac_arrest_poa_icu,17165,2023,18-39,Male,<10,<10,
UCMC,cardiac_arrest_poa_icu,17167,2021,40-64,Male,<10,<10,
UCMC,cardiac_arrest_poa_icu,17167,2021,65-74,Male,<10,<10,
UCMC,cardiac_arrest_poa_icu,17177,2023,40-64,Male,<10,<10,
UCMC,cardiac_arrest_poa_icu,17179,2024,75+,Male,<10,<10,
UCMC,cardiac_arrest_poa_icu,17183,2020,18-39,Female,<10,<10,
UCMC,cardiac_arrest_poa_icu,17183,2023,40-64,Male,<10,<10,
UCMC,cardiac_arrest_poa_icu,17183,2024,18-39,Female,<10,<10,
UCMC,cardiac_arrest_poa_icu,17195,2022,40-64,Male,<10,<10,
UCMC,cardiac_arrest_poa_icu,17197,2018,18-39,Female,<10,<10,
UCMC,cardiac_arrest_poa_icu,17197,2018,75+,Male,<10,<10,
UCMC,cardiac_arrest_poa_icu,17197,2020,40-64,Female,<10,<10,
UCMC,cardiac_arrest_poa_icu,17197,2021,18-39,Female,<10,<10,
UCMC,cardiac_arrest_poa_icu,17197,2021,40-64,Male,<10,<10,
UCMC,cardiac_arrest_poa_icu,17197,2022,18-39,Female,<10,<10,
UCMC,cardiac_arrest_poa_icu,17197,2022,40-64,Male,<10,<10,
UCMC,cardiac_arrest_poa_icu,17197,2022,65-74,Male,<10,<10,
UCMC,cardiac_arrest_poa_icu,17197,2023,40-64,Female,<10,<10,
UCMC,cardiac_arrest_poa_icu,17197,2023,40-64,Male,<10,<10,
UCMC,cardiac_arrest_poa_icu,17197,2023,65-74,Female,<10,<10,
UCMC,cardiac_arrest_poa_icu,17197,2023,65-74,Male,<10,<10,
UCMC,cardiac_arrest_poa_icu,17197,2023,75+,Male,<10,<10,
UCMC,cardiac_arrest_poa_icu,17197,2024,18-39,Male,<10,<10,
UCMC,cardiac_arrest_poa_icu,17197,2024,40-64,Female,<10,<10,
UCMC,cardiac_arrest_poa_icu,17197,2024,40-64,Male,<10,<10,
UCMC,cardiac_arrest_poa_icu,17197,2024,65-74,Female,<10,<10,
UCMC,cardiac_arrest_poa_icu,17197,2024,65-74,Male,<10,<10,
UCMC,cardiac_arrest_poa_icu,17197,2024,75+,Female,<10,<10,
UCMC,cardiac_arrest_poa_icu,17197,2024,75+,Male,<10,<10,
UCMC,cardiac_arrest_poa_icu,17199,2021,65-74,Female,<10,<10,
UCMC,cardiac_arrest_poa_icu,17201,2023,40-64,Female,<10,<10,
UCMC,cardiac_arrest_poa_icu,17201,2024,18-39,Female,<10,<10,
UCMC,cardiac_arrest_poa_icu,17201,2024,40-64,Female,<10,<10,
UCMC,cardiac_arrest_poa_icu,17203,2024,40-64,Female,<10,<10,
UCMC,cardiac_arrest_poa_icu,18089,2018,18-39,Female,<10,<10,
UCMC,cardiac_arrest_poa_icu,18089,2018,40-64,Female,<10,<10,
UCMC,cardiac_arrest_poa_icu,18089,2018,40-64,Male,<10,<10,
UCMC,cardiac_arrest_poa_icu,18089,2018,65-74,Female,<10,<10,
UCMC,cardiac_arrest_poa_icu,18089,2019,40-64,Female,<10,<10,
UCMC,cardiac_arrest_poa_icu,18089,2019,65-74,Male,<10,<10,
UCMC,cardiac_arrest_poa_icu,18089,2019,75+,Female,<10,<10,
UCMC,cardiac_arrest_poa_icu,18089,2019,75+,Male,<10,<10,
UCMC,cardiac_arrest_poa_icu,18089,2020,18-39,Male,<10,<10,
UCMC,cardiac_arrest_poa_icu,18089,2020,40-64,Female,<10,<10,
UCMC,cardiac_arrest_poa_icu,18089,2020,40-64,Male,<10,<10,
UCMC,cardiac_arrest_poa_icu,18089,2021,18-39,Male,<10,<10,
UCMC,cardiac_arrest_poa_icu,18089,2021,40-64,Male,<10,<10,
UCMC,cardiac_arrest_poa_icu,18089,2021,75+,Female,<10,<10,
UCMC,cardiac_arrest_poa_icu,18089,2022,18-39,Female,<10,<10,
UCMC,cardiac_arrest_poa_icu,18089,2022,18-39,Male,<10,<10,
UCMC,cardiac_arrest_poa_icu,18089,2022,40-64,Male,<10,<10,
UCMC,cardiac_arrest_poa_icu,18089,2022,65-74,Female,<10,<10,
UCMC,cardiac_arrest_poa_icu,18089,2023,18-39,Female,<10,<10,
UCMC,cardiac_arrest_poa_icu,18089,2023,18-39,Male,<10,<10,
UCMC,cardiac_arrest_poa_icu,18089,2023,40-64,Male,<10,<10,
UCMC,cardiac_arrest_poa_icu,18089,2023,65-74,Female,<10,<10,
UCMC,cardiac_arrest_poa_icu,18089,2023,65-74,Male,<10,<10,
UCMC,cardiac_arrest_poa_icu,18089,2024,18-39,Male,<10,<10,
UCMC,cardiac_arrest_poa_icu,18089,2024,40-64,Male,<10,<10,
UCMC,cardiac_arrest_poa_icu,18089,2024,65-74,Female,<10,<10,
UCMC,cardiac_arrest_poa_icu,18089,2024,65-74,Male,<10,<10,
UCMC,cardiac_arrest_poa_icu,18089,2024,75+,Male,<10,<10,
UCMC,cardiac_arrest_poa_icu,18091,2018,18-39,Female,<10,<10,
UCMC,cardiac_arrest_poa_icu,18091,2018,75+,Male,<10,<10,
UCMC,cardiac_arrest_poa_icu,18091,2020,75+,Male,<10,<10,
UCMC,cardiac_arrest_poa_icu,18091,2021,75+,Male,<10,<10,
UCMC,cardiac_arrest_poa_icu,18091,2022,65-74,Male,<10,<10,
UCMC,cardiac_arrest_poa_icu,18091,2022,75+,Female,<10,<10,
UCMC,cardiac_arrest_poa_icu,18091,2023,40-64,Male,<10,<10,
UCMC,cardiac_arrest_poa_icu,18091,2023,75+,Male,<10,<10,
UCMC,cardiac_arrest_poa_icu,18097,2021,40-64,Male,<10,<10,
UCMC,cardiac_arrest_poa_icu,18097,2022,40-64,Male,<10,<10,
UCMC,cardiac_arrest_poa_icu,18127,2020,40-64,Male,<10,<10,
UCMC,cardiac_arrest_poa_icu,18127,2020,65-74,Male,<10,<10,
UCMC,cardiac_arrest_poa_icu,18127,2021,65-74,Male,<10,<10,
UCMC,cardiac_arrest_poa_icu,18127,2022,18-39,Male,<10,<10,
UCMC,cardiac_arrest_poa_icu,18127,2022,65-74,Male,<10,<10,
UCMC,cardiac_arrest_poa_icu,18127,2023,40-64,Female,<10,<10,
UCMC,cardiac_arrest_poa_icu,18127,2023,40-64,Male,<10,<10,
UCMC,cardiac_arrest_poa_icu,18127,2023,65-74,Male,<10,<10,
UCMC,cardiac_arrest_poa_icu,18127,2024,75+,Male,<10,<10,
UCMC,cardiac_arrest_poa_icu,18141,2022,40-64,Female,<10,<10,
UCMC,cardiac_arrest_poa_icu,18149,2018,40-64,Male,<10,<10,
UCMC,cardiac_arrest_poa_icu,18149,2023,18-39,Male,<10,<10,
UCMC,cardiac_arrest_poa_icu,18157,2022,75+,Male,<10,<10,
UCMC,cardiac_arrest_poa_icu,18157,2024,65-74,Male,<10,<10,
UCMC,cardiac_arrest_poa_icu,19153,2023,40-64,Female,<10,<10,
UCMC,cardiac_arrest_poa_icu,19193,2021,65-74,Male,<10,<10,
UCMC,cardiac_arrest_poa_icu,24027,2022,75+,Female,<10,<10,
UCMC,cardiac_arrest_poa_icu,26101,2022,40-64,Male,<10,<10,
UCMC,cardiac_arrest_poa_icu,26125,2019,65-74,Male,<10,<10,
UCMC,cardiac_arrest_poa_icu,26139,2019,65-74,Male,<10,<10,
UCMC,cardiac_arrest_poa_icu,28131,2022,40-64,Female,<10,<10,
UCMC,cardiac_arrest_poa_icu,36029,2022,40-64,Male,<10,<10,
UCMC,cardiac_arrest_poa_icu,37097,2024,40-64,Male,<10,<10,
UCMC,cardiac_arrest_poa_icu,39011,2024,40-64,Female,<10,<10,
UCMC,cardiac_arrest_poa_icu,39049,2022,65-74,Male,<10,<10,
UCMC,cardiac_arrest_poa_icu,47037,2020,18-39,Male,<10,<10,
UCMC,cardiac_arrest_poa_icu,48121,2024,65-74,Male,<10,<10,
UCMC,cardiac_arrest_poa_icu,48201,2018,40-64,Male,<10,<10,
UCMC,cardiac_arrest_poa_icu,48201,2022,75+,Female,<10,<10,
UCMC,cardiac_arrest_poa_icu,48201,2024,40-64,Male,<10,<10,
UCMC,cardiac_arrest_poa_icu,55025,2021,18-39,Female,<10,<10,
UCMC,cardiac_arrest_poa_icu,55079,2020,40-64,Male,<10,<10,
UCMC,cardiac_arrest_poa_icu,55079,2023,40-64,Male,<10,<10,
UCMC,cardiac_arrest_poa_icu,55127,2024,18-39,Female,<10,<10,
UCMC,cardiac_arrest_poa_icu,55127,2024,75+,Male,<10,<10,
UCMC,cardiac_arrest_poa_icu,55133,2018,18-39,Female,<10,<10,
